NZ_LN831039.1, Bacteria; Actinobacteria; Corynebacteriales; Mycobacteriaceae; Mycolicibacterium
LC361338, Bacteria; Actinobacteria; Micrococcales; Micrococcaceae; Arthrobacter
NZ_PKRZ01000001.1, Bacteria; Firmicutes; Bacilli; Lactobacillales; Streptococcaceae; Lactococcus
NC_006085.1, Bacteria; Actinobacteria; Propionibacteriales; Propionibacteriaceae; Cutibacterium
NZ_JYBE02000001.1, Bacteria; Actinobacteria; Streptomycetales; Streptomycetaceae; Streptomyces
HG530068, Bacteria; Proteobacteria; Gammaproteobacteria; Pseudomonadales; Pseudomonadaceae; Pseudomonas
CP019892, Bacteria; Actinobacteria; Micrococcales; Microbacteriaceae; Microbacterium
NZ_KZ846072.1, Bacteria; Firmicutes; Bacilli; Lactobacillales; Enterococcaceae; Enterococcus
NZ_CP023560, Bacteria; Firmicutes; Bacilli; Bacillales; Staphylococcaceae; Staphylococcus
QLNP01000098, Bacteria; Actinobacteria; Micrococcales; Micrococcaceae; Arthrobacter
CP030026, Bacteria; Proteobacteria; Gammaproteobacteria; Enterobacterales; Enterobacteriaceae; Salmonella
NZ_CP015121.1, Bacteria; Proteobacteria; Gammaproteobacteria; Pseudomonadales; Moraxellaceae; Acinetobacter; Acinetobacter calcoaceticus/baumannii complex
NZ_AP014524.1, Bacteria; Proteobacteria; Gammaproteobacteria; Vibrionales; Vibrionaceae; Vibrio
NZ_CP022580.1, Bacteria; Actinobacteria; Corynebacteriales; Gordoniaceae; Gordonia
NC_012490.1, Bacteria; Actinobacteria; Corynebacteriales; Nocardiaceae; Rhodococcus
NC_013961.1, Bacteria; Proteobacteria; Gammaproteobacteria; Enterobacterales; Erwiniaceae; Erwinia
NZ_CP053931.1, Bacteria; Firmicutes; Bacilli; Bacillales; Bacillaceae; Bacillus; Bacillus cereus group
NZ_LT629770, Bacteria; Actinobacteria; Micrococcales; Microbacteriaceae; Microbacterium
JTHH01000008, Bacteria; Firmicutes; Bacilli; Bacillales; Bacillaceae; Bacillus; Bacillus cereus group
NZ_CP009764.1, Bacteria; Proteobacteria; Betaproteobacteria; Burkholderiales; Burkholderiaceae; Ralstonia
NZ_CP041040.1, Bacteria; Actinobacteria; Micrococcales; Microbacteriaceae; Microbacterium
NZ_CM000747.1, Bacteria; Firmicutes; Bacilli; Bacillales; Bacillaceae; Bacillus; Bacillus cereus group
NZ_CP009976.1, Bacteria; Bacteroidetes; Flavobacteriia; Flavobacteriales; Flavobacteriaceae; Cellulophaga
NZ_CM001889, Bacteria; Actinobacteria; Streptomycetales; Streptomycetaceae; Streptomyces
NZ_CP019687.1, Bacteria; Firmicutes; Bacilli; Bacillales; Paenibacillaceae; Paenibacillus
NZ_CP031781.1, Bacteria; Proteobacteria; Gammaproteobacteria; Vibrionales; Vibrionaceae; Vibrio
NZ_FEBQ01000001.1, Bacteria; Firmicutes; Bacilli; Lactobacillales; Streptococcaceae; Streptococcus
NC_005042.1, Bacteria; Cyanobacteria; Synechococcales; Prochloraceae; Prochlorococcus
NZ_UWXU01000001, Bacteria; Proteobacteria; Gammaproteobacteria; Enterobacterales; Enterobacteriaceae; Klebsiella
NZ_CP027107.1, Bacteria; Proteobacteria; Gammaproteobacteria; Enterobacterales; Enterobacteriaceae; Cronobacter
NZ_CP011007.1, Bacteria; Firmicutes; Bacilli; Bacillales; Bacillaceae; Bacillus
NZ_CP019870.1, Bacteria; Firmicutes; Clostridia; Clostridiales; Peptostreptococcaceae; Clostridioides
CP027029, Bacteria; Firmicutes; Bacilli; Bacillales; Listeriaceae; Listeria
NZ_OCQN01000001, Bacteria; Actinobacteria; Streptomycetales; Streptomycetaceae; Streptomyces
CP020809, Bacteria; Actinobacteria; Corynebacteriales; Mycobacteriaceae; Mycobacterium
NZ_CP029197.1, Bacteria; Actinobacteria; Streptomycetales; Streptomycetaceae; Streptomyces
NZ_CP016990.1, Bacteria; Proteobacteria; Gammaproteobacteria; Aeromonadales; Aeromonadaceae; Aeromonas
NC_008261.1, Bacteria; Firmicutes; Clostridia; Clostridiales; Clostridiaceae; Clostridium
NZ_CP035306.1, Bacteria; Firmicutes; Bacilli; Lactobacillales; Streptococcaceae; Streptococcus
NZ_NQCD01000010.1, Bacteria; Proteobacteria; Gammaproteobacteria; Enterobacterales; Enterobacteriaceae; Shigella
NZ_CP010341.1, Bacteria; Actinobacteria; Propionibacteriales; Propionibacteriaceae; Propionibacterium
NZ_CP009125.1, Bacteria; Proteobacteria; Gammaproteobacteria; Enterobacterales; Pectobacteriaceae; Pectobacterium
AP014565, Bacteria; Proteobacteria; Gammaproteobacteria; Enterobacterales; Enterobacteriaceae; Salmonella
FN554889, Bacteria; Actinobacteria; Streptomycetales; Streptomycetaceae; Streptomyces
NZ_CP035288.1, Bacteria; Firmicutes; Bacilli; Bacillales; Staphylococcaceae; Staphylococcus
NZ_CP024819.1, Bacteria; Proteobacteria; Gammaproteobacteria; Enterobacterales; Enterobacteriaceae; Citrobacter; Citrobacter freundii complex
NZ_NUFU01000011.1, Bacteria; Firmicutes; Bacilli; Bacillales; Bacillaceae; Bacillus
NZ_CP008880.1, Bacteria; Bacteroidetes; Flavobacteriia; Flavobacteriales; Flavobacteriaceae; Flavobacterium
NZ_CP030105.1, Bacteria; Firmicutes; Bacilli; Lactobacillales; Lactobacillaceae; Lactiplantibacillus
NC_010554.1, Bacteria; Proteobacteria; Gammaproteobacteria; Enterobacterales; Morganellaceae; Proteus
NZ_MUTR01000001.1, Bacteria; Proteobacteria; Betaproteobacteria; Burkholderiales; Burkholderiaceae; Burkholderia; Burkholderia cepacia complex
NZ_BAOP01000115.1, Bacteria; Actinobacteria; Corynebacteriales; Gordoniaceae; Gordonia
NC_011071.1, Bacteria; Proteobacteria; Gammaproteobacteria; Xanthomonadales; Xanthomonadaceae; Stenotrophomonas; Stenotrophomonas maltophilia group
MTKC01000003, Bacteria; Actinobacteria; Streptomycetales; Streptomycetaceae; Streptomyces
NZ_CP048408.1, Bacteria; Proteobacteria; Gammaproteobacteria; Pseudomonadales; Pseudomonadaceae; Pseudomonas
NZ_CP050013.1, Bacteria; Proteobacteria; Gammaproteobacteria; Enterobacterales; Yersiniaceae; Serratia
NC_017168.1, Bacteria; Proteobacteria; Gammaproteobacteria; Enterobacterales; Yersiniaceae; Yersinia
NZ_MWMD01000001.1, Bacteria; Proteobacteria; Gammaproteobacteria; Enterobacterales; Enterobacteriaceae; Enterobacter; Enterobacter cloacae complex
CP004353, Bacteria; Actinobacteria; Corynebacteriales; Corynebacteriaceae; Corynebacterium
NZ_CWGL01000001.1, Bacteria; Proteobacteria; Gammaproteobacteria; Enterobacterales; Yersiniaceae; Yersinia
NC_021505.1, Bacteria; Proteobacteria; Gammaproteobacteria; Pseudomonadales; Pseudomonadaceae; Pseudomonas
LT708304.1, Bacteria; Actinobacteria; Corynebacteriales; Mycobacteriaceae; Mycobacterium; Mycobacterium tuberculosis complex
NZ_CP027793.1, Bacteria; Actinobacteria; Corynebacteriales; Nocardiaceae; Rhodococcus
NZ_GG657757, Bacteria; Actinobacteria; Streptomycetales; Streptomycetaceae; Streptomyces
NC_021883.1, Bacteria; Proteobacteria; Gammaproteobacteria; Pasteurellales; Pasteurellaceae; Mannheimia
NZ_CP021654.1, Bacteria; Proteobacteria; Gammaproteobacteria; Aeromonadales; Aeromonadaceae; Aeromonas
NZ_CP010450.1, Bacteria; Firmicutes; Bacilli; Lactobacillales; Streptococcaceae; Streptococcus
NC_022112.1, Bacteria; Firmicutes; Bacilli; Lactobacillales; Lactobacillaceae; Lacticaseibacillus
NZ_CP042449.1, Bacteria; Proteobacteria; Gammaproteobacteria; Vibrionales; Vibrionaceae; Vibrio
NZ_MIGA01000001, Bacteria; Actinobacteria; Streptomycetales; Streptomycetaceae; Streptomyces
NZ_AP019750.1, Bacteria; Firmicutes; Bacilli; Lactobacillales; Lactobacillaceae; Lactobacillus
CP032788, Bacteria; Actinobacteria; Corynebacteriales; Corynebacteriaceae; Corynebacterium
NZ_CP046062.1, Bacteria; Firmicutes; Bacilli; Lactobacillales; Leuconostocaceae; Leuconostoc
NZ_CP025545.1, Bacteria; Firmicutes; Bacilli; Bacillales; Paenibacillaceae; Brevibacillus
NZ_CP025774.1, Bacteria; Proteobacteria; Betaproteobacteria; Burkholderiales; Alcaligenaceae; Achromobacter
NC_004557.1, Bacteria; Firmicutes; Clostridia; Clostridiales; Clostridiaceae; Clostridium
NZ_CP034148.1, Bacteria; Proteobacteria; Gammaproteobacteria; Enterobacterales; Erwiniaceae; Pantoea; Pantoea agglomerans group
CP014475, Bacteria; Actinobacteria; Corynebacteriales; Mycobacteriaceae; Mycolicibacterium
NZ_CP030777.1, Bacteria; Firmicutes; Clostridia; Clostridiales; Ruminococcaceae; Faecalibacterium
NC_012924.1, Bacteria; Firmicutes; Bacilli; Lactobacillales; Streptococcaceae; Streptococcus
NZ_CP045235.1, Bacteria; Proteobacteria; Betaproteobacteria; Burkholderiales; Burkholderiaceae; Burkholderia; Burkholderia cepacia complex
NZ_RPMX01000001.1, Bacteria; Proteobacteria; Alphaproteobacteria; Rhizobiales; Rhizobiaceae; Sinorhizobium/Ensifer group; Sinorhizobium
NZ_CP032788.1, Bacteria; Actinobacteria; Corynebacteriales; Corynebacteriaceae; Corynebacterium
CP023315, Bacteria; Proteobacteria; Alphaproteobacteria; Caulobacterales; Caulobacteraceae; Caulobacter
NZ_QLMF01000001.1, Bacteria; Proteobacteria; Alphaproteobacteria; Rhizobiales; Rhizobiaceae; Rhizobium/Agrobacterium group; Rhizobium
NZ_CP015137.1, Bacteria; Proteobacteria; Gammaproteobacteria; Enterobacterales; Pectobacteriaceae; Dickeya
NZ_CP008781.1, Bacteria; Proteobacteria; Betaproteobacteria; Burkholderiales; Burkholderiaceae; Burkholderia; pseudomallei group
NZ_LK391965, Bacteria; Proteobacteria; Gammaproteobacteria; Vibrionales; Vibrionaceae; Vibrio
NZ_CP039729.1, Bacteria; Firmicutes; Bacilli; Lactobacillales; Enterococcaceae; Enterococcus
NZ_LR134326.1, Bacteria; Proteobacteria; Betaproteobacteria; Burkholderiales; Alcaligenaceae; Bordetella
NC_007530.2, Bacteria; Firmicutes; Bacilli; Bacillales; Bacillaceae; Bacillus; Bacillus cereus group
NZ_BMUQ00000000.1, Bacteria; Actinobacteria; Streptomycetales; Streptomycetaceae; Streptomyces
NZ_CP009467.1, Bacteria; Proteobacteria; Gammaproteobacteria; Vibrionales; Vibrionaceae; Vibrio
NZ_LS483405.1, Bacteria; Firmicutes; Bacilli; Lactobacillales; Lactobacillaceae; Levilactobacillus
AL645882, Bacteria; Actinobacteria; Streptomycetales; Streptomycetaceae; Streptomyces; Streptomyces albidoflavus group
NVUC01000001, Bacteria; Proteobacteria; Alphaproteobacteria; Rhodobacterales; Rhodobacteraceae; Sulfitobacter
NC_013716.1, Bacteria; Proteobacteria; Gammaproteobacteria; Enterobacterales; Enterobacteriaceae; Citrobacter
NZ_QMJJ01000010.1, Bacteria; Firmicutes; Bacilli; Lactobacillales; Leuconostocaceae; Leuconostoc
NC_012917.1, Bacteria; Proteobacteria; Gammaproteobacteria; Enterobacterales; Pectobacteriaceae; Pectobacterium
NZ_LPTR01000009.1, Bacteria; Proteobacteria; Gammaproteobacteria; Enterobacterales; Enterobacteriaceae; Shigella
NZ_CP031055.1, Bacteria; Proteobacteria; Gammaproteobacteria; Vibrionales; Vibrionaceae; Vibrio
NC_004556.1, Bacteria; Proteobacteria; Gammaproteobacteria; Xanthomonadales; Xanthomonadaceae; Xylella
NZ_CM009828.1, Bacteria; Proteobacteria; Gammaproteobacteria; Enterobacterales; Hafniaceae; Edwardsiella
NZ_JH603143.1, Bacteria; Proteobacteria; Gammaproteobacteria; Enterobacterales; Enterobacteriaceae; Klebsiella
NZ_SGOE01000001.1, Bacteria; Proteobacteria; Alphaproteobacteria; Rhizobiales; Rhizobiaceae; Rhizobium/Agrobacterium group; Agrobacterium; Agrobacterium tumefaciens complex
NZ_DF968533, Bacteria; Actinobacteria; Streptomycetales; Streptomycetaceae; Streptomyces
NZ_CP028813.1, Bacteria; Proteobacteria; Gammaproteobacteria; Enterobacterales; Hafniaceae; Edwardsiella
NC_003155.5, Bacteria; Actinobacteria; Streptomycetales; Streptomycetaceae; Streptomyces
NZ_AEUD01000047.1, Bacteria; Actinobacteria; Corynebacteriales; Gordoniaceae; Gordonia
NZ_QKZO01000001.1, Bacteria; Proteobacteria; Alphaproteobacteria; Rhodobacterales; Rhodobacteraceae; Rhodobacter
NZ_MDBB01000001.1, Bacteria; Proteobacteria; Gammaproteobacteria; Vibrionales; Vibrionaceae; Vibrio
NZ_AP012544.1, Bacteria; Firmicutes; Bacilli; Lactobacillales; Lactobacillaceae; Lacticaseibacillus
NZ_CP023558.1, Bacteria; Proteobacteria; Gammaproteobacteria; Alteromonadales; Pseudoalteromonadaceae; Pseudoalteromonas
NC_006461.1, Bacteria; Deinococcus-Thermus; Deinococci; Thermales; Thermaceae; Thermus
NC_017379.1, Bacteria; Proteobacteria; Epsilonproteobacteria; Campylobacterales; Helicobacteraceae; Helicobacter
NZ_AP018203.1, Bacteria; Cyanobacteria; Synechococcales; Leptolyngbyaceae; Leptolyngbya
NC_009952.1, Bacteria; Proteobacteria; Alphaproteobacteria; Rhodobacterales; Rhodobacteraceae; Dinoroseobacter
NZ_QTTZ01000001, Bacteria; Actinobacteria; Micrococcales; Microbacteriaceae; Microbacterium
LR134359, Bacteria; Proteobacteria; Epsilonproteobacteria; Campylobacterales; Campylobacteraceae; Campylobacter
NZ_BMTY00000000.1, Bacteria; Actinobacteria; Streptomycetales; Streptomycetaceae; Streptomyces
NZ_LR134475.1, Bacteria; Proteobacteria; Gammaproteobacteria; Enterobacterales; Enterobacteriaceae; Klebsiella
NZ_JNIU01000001, Bacteria; Proteobacteria; Alphaproteobacteria; Pelagibacterales; Pelagibacteraceae; Candidatus Pelagibacter
NZ_CP004353.1, Bacteria; Actinobacteria; Corynebacteriales; Corynebacteriaceae; Corynebacterium
NZ_CP058243.1, Bacteria; Proteobacteria; Gammaproteobacteria; Xanthomonadales; Xanthomonadaceae; Xanthomonas
NZ_CP023567.1, Bacteria; Proteobacteria; Gammaproteobacteria; Enterobacterales; Erwiniaceae; Erwinia
NZ_CP027407.1, Bacteria; Proteobacteria; Alphaproteobacteria; Rhodobacterales; Rhodobacteraceae; Roseobacter
NZ_FRBZ01000017.1, Bacteria; Proteobacteria; Gammaproteobacteria; Enterobacterales; Morganellaceae; Morganella
NZ_LOQW01000006.1, Bacteria; Actinobacteria; Corynebacteriales; Corynebacteriaceae; Corynebacterium
NC_013198.1, Bacteria; Firmicutes; Bacilli; Lactobacillales; Lactobacillaceae; Lacticaseibacillus
NZ_CP029614.1, Bacteria; Firmicutes; Bacilli; Lactobacillales; Lactobacillaceae; Lactobacillus
NZ_MSJW02000001.1, Bacteria; Proteobacteria; Gammaproteobacteria; Enterobacterales; Enterobacteriaceae; Shigella
RKIY01000003, Bacteria; Firmicutes; Bacilli; Bacillales; Bacillaceae; Bacillus
NC_014965.1, Bacteria; Proteobacteria; Gammaproteobacteria; Vibrionales; Vibrionaceae; Vibrio
NZ_CP017151.1, Bacteria; Firmicutes; Bacilli; Lactobacillales; Lactobacillaceae; Limosilactobacillus
CP018363, Bacteria; Actinobacteria; Corynebacteriales; Mycobacteriaceae; Mycobacterium; Mycobacterium avium complex (MAC)
NZ_LXWL01000001.1, Bacteria; Firmicutes; Bacilli; Lactobacillales; Streptococcaceae; Lactococcus
NZ_GG657757.1, Bacteria; Actinobacteria; Streptomycetales; Streptomycetaceae; Streptomyces
RXKE01000007, Bacteria; Actinobacteria; Corynebacteriales; Gordoniaceae; Gordonia
NZ_CP014324.1, Bacteria; Firmicutes; Bacilli; Lactobacillales; Leuconostocaceae; Oenococcus
NC_017287.1, Bacteria; Chlamydiae; Chlamydiales; Chlamydiaceae; Chlamydia/Chlamydophila group; Chlamydia
CP014518, Bacteria; Actinobacteria; Micrococcales; Micrococcaceae; Sinomonas
NZ_CCKZ01000001, Bacteria; Proteobacteria; Gammaproteobacteria; Enterobacterales; Enterobacteriaceae; Salmonella
NZ_CP013237.1, Bacteria; Firmicutes; Bacilli; Lactobacillales; Streptococcaceae; Streptococcus
NZ_PHHD01000001.1, Bacteria; Proteobacteria; Gammaproteobacteria; Pseudomonadales; Pseudomonadaceae; Pseudomonas
NZ_CP028926.1, Bacteria; Proteobacteria; Gammaproteobacteria; Pasteurellales; Pasteurellaceae; Pasteurella
NZ_JH719383.1, Bacteria; Proteobacteria; Alphaproteobacteria; Rhizobiales; Rhizobiaceae; Rhizobium/Agrobacterium group; Rhizobium
NZ_CP023643.1, Bacteria; Firmicutes; Bacilli; Bacillales; Listeriaceae; Brochothrix
CM003594, Bacteria; Proteobacteria; Gammaproteobacteria; Pseudomonadales; Moraxellaceae; Psychrobacter
NZ_CP009016.1, Bacteria; Proteobacteria; Gammaproteobacteria; Xanthomonadales; Xanthomonadaceae; Xanthomonas
NZ_CP013197.1, Bacteria; Tenericutes; Mollicutes; Entomoplasmatales; Spiroplasmataceae; Spiroplasma
NZ_KB849702.1, Bacteria; Proteobacteria; Gammaproteobacteria; Pseudomonadales; Moraxellaceae; Acinetobacter
NC_005363.1, Bacteria; Proteobacteria; Oligoflexia; Bdellovibrionales; Bdellovibrionaceae; Bdellovibrio
NC_007651.1, Bacteria; Proteobacteria; Betaproteobacteria; Burkholderiales; Burkholderiaceae; Burkholderia; pseudomallei group
NC_008530.1, Bacteria; Firmicutes; Bacilli; Lactobacillales; Lactobacillaceae; Lactobacillus
NZ_CP015750.1, Bacteria; Proteobacteria; Gammaproteobacteria; Enterobacterales; Pectobacteriaceae; Pectobacterium
NZ_LR134373.1, Bacteria; Proteobacteria; Gammaproteobacteria; Enterobacterales; Yersiniaceae; Yersinia
NZ_CP008813.1, Bacteria; Firmicutes; Bacilli; Lactobacillales; Streptococcaceae; Streptococcus
NC_003317.1, Bacteria; Proteobacteria; Alphaproteobacteria; Rhizobiales; Brucellaceae; Brucella
NZ_CP033732.1, Bacteria; Firmicutes; Bacilli; Bacillales; Staphylococcaceae; Staphylococcus
NZ_MSEI01000003, Bacteria; Proteobacteria; Gammaproteobacteria; Alteromonadales; Idiomarinaceae; Idiomarina
NZ_JAANOB010000217.1, Bacteria; Actinobacteria; Streptomycetales; Streptomycetaceae; Streptomyces; Streptomyces albidoflavus group
NC_013929.1, Bacteria; Actinobacteria; Streptomycetales; Streptomycetaceae; Streptomyces
NC_013282.2, Bacteria; Proteobacteria; Gammaproteobacteria; Enterobacterales; Enterobacteriaceae; Cronobacter
NZ_FNLM01000034, Bacteria; Actinobacteria; Corynebacteriales; Gordoniaceae; Gordonia
NZ_CP012023.1, Bacteria; Proteobacteria; Alphaproteobacteria; Rhodobacterales; Rhodobacteraceae; Celeribacter
NZ_CP035765.1, Bacteria; Proteobacteria; Alphaproteobacteria; Sphingomonadales; Sphingomonadaceae; Sphingomonas
NZ_CP039700.1, Bacteria; Proteobacteria; Gammaproteobacteria; Vibrionales; Vibrionaceae; Vibrio
CP000388, Bacteria; Proteobacteria; Gammaproteobacteria; Alteromonadales; Pseudoalteromonadaceae; Pseudoalteromonas
NZ_LR131273.1, Bacteria; Actinobacteria; Corynebacteriales; Tsukamurellaceae; Tsukamurella
NZ_AMGI01000001.1, Bacteria; Tenericutes; Mollicutes; Entomoplasmatales; Spiroplasmataceae; Spiroplasma
NZ_CP009977.1, Bacteria; Proteobacteria; Gammaproteobacteria; Vibrionales; Vibrionaceae; Vibrio
NZ_CP007810.1, Bacteria; Proteobacteria; Gammaproteobacteria; Xanthomonadales; Xanthomonadaceae; Xanthomonas
CP000031, Bacteria; Proteobacteria; Alphaproteobacteria; Rhodobacterales; Rhodobacteraceae; Ruegeria
NZ_CP012958.1, Bacteria; Proteobacteria; Gammaproteobacteria; Pasteurellales; Pasteurellaceae; Aggregatibacter
NZ_RQHA01000004.1, Bacteria; Spirochaetes; Leptospirales; Leptospiraceae; Leptospira
NC_008390.1, Bacteria; Proteobacteria; Betaproteobacteria; Burkholderiales; Burkholderiaceae; Burkholderia; Burkholderia cepacia complex
CP011132, Bacteria; Proteobacteria; Gammaproteobacteria; Enterobacterales; Enterobacteriaceae; Citrobacter
NZ_FNSA01000003, Bacteria; Actinobacteria; Corynebacteriales; Tsukamurellaceae; Tsukamurella
NZ_CP013992.1, Bacteria; Bacteroidetes; Flavobacteriia; Flavobacteriales; Flavobacteriaceae; Flavobacterium
CP001397, Bacteria; Bacteroidetes; Flavobacteriia; Flavobacteriales; Flavobacteriaceae; Nonlabens
CP018657, Bacteria; Proteobacteria; Gammaproteobacteria; Enterobacterales; Enterobacteriaceae; Salmonella
NC_007618.1, Bacteria; Proteobacteria; Alphaproteobacteria; Rhizobiales; Brucellaceae; Brucella
NZ_VNGZ01000001.1, Bacteria; Firmicutes; Bacilli; Lactobacillales; Leuconostocaceae; Weissella
NC_003228.3, Bacteria; Bacteroidetes; Bacteroidia; Bacteroidales; Bacteroidaceae; Bacteroides
NVTK01000009, Bacteria; Proteobacteria; Gammaproteobacteria; Alteromonadales; Pseudoalteromonadaceae; Pseudoalteromonas
CP011102, Bacteria; Firmicutes; Bacilli; Bacillales; Listeriaceae; Listeria
CP002453, Bacteria; Bacteroidetes; Flavobacteriia; Flavobacteriales; Flavobacteriaceae; Cellulophaga
NZ_CP009610.1, Bacteria; Proteobacteria; Gammaproteobacteria; Pasteurellales; Pasteurellaceae; Haemophilus
NC_007677.1, Bacteria; Bacteroidetes; Bacteroidetes Order II. Incertae sedis; Rhodothermaceae; Salinibacter
NC_009438.1, Bacteria; Proteobacteria; Gammaproteobacteria; Alteromonadales; Shewanellaceae; Shewanella
NC_018681.1, Bacteria; Actinobacteria; Corynebacteriales; Nocardiaceae; Nocardia
NZ_CM001153, Bacteria; Proteobacteria; Gammaproteobacteria; Enterobacterales; Enterobacteriaceae; Salmonella
NZ_QGLK01000001.1, Bacteria; Actinobacteria; Bifidobacteriales; Bifidobacteriaceae; Bifidobacterium
NC_010163.1, Bacteria; Tenericutes; Mollicutes; Acholeplasmatales; Acholeplasmataceae; Acholeplasma
AP014630, Bacteria; Proteobacteria; Gammaproteobacteria; Pseudomonadales; Moraxellaceae; Acinetobacter
NZ_CP033724.1, Bacteria; Actinobacteria; Micrococcales; Microbacteriaceae; Clavibacter
CP012196, Bacteria; Proteobacteria; Epsilonproteobacteria; Campylobacterales; Campylobacteraceae; Campylobacter
NZ_JAAXPD010000001.1, Bacteria; Actinobacteria; Corynebacteriales; Gordoniaceae; Gordonia
NZ_QEOC01000001.1, Bacteria; Actinobacteria; Corynebacteriales; Nocardiaceae; Rhodococcus
NZ_LCZH01000038.1, Bacteria; Proteobacteria; Betaproteobacteria; Burkholderiales; Comamonadaceae; Delftia
NZ_QANO01000198.1, Bacteria; Proteobacteria; Gammaproteobacteria; Pseudomonadales; Pseudomonadaceae; Pseudomonas
CP012598, Bacteria; Proteobacteria; Gammaproteobacteria; Enterobacterales; Enterobacteriaceae; Salmonella
NZ_CP050956.1, Bacteria; Bacteroidetes; Bacteroidia; Bacteroidales; Tannerellaceae; Parabacteroides
NZ_CADIKU010000001.1, Bacteria; Proteobacteria; Betaproteobacteria; Burkholderiales; Alcaligenaceae; Achromobacter
NZ_BCTM01000001, Bacteria; Proteobacteria; Gammaproteobacteria; Enterobacterales; Enterobacteriaceae; Kluyvera
CP040255.1, Bacteria; Actinobacteria; Corynebacteriales; Mycobacteriaceae; Mycobacterium; Mycobacterium avium complex (MAC)
NZ_KE136308.1, Bacteria; Proteobacteria; Gammaproteobacteria; Enterobacterales; Erwiniaceae; Erwinia
NZ_LS999521.1, Bacteria; Proteobacteria; Gammaproteobacteria; Pseudomonadales; Moraxellaceae; Acinetobacter; Acinetobacter calcoaceticus/baumannii complex
NZ_CP018296.1, Bacteria; Chlamydiae; Chlamydiales; Chlamydiaceae; Chlamydia/Chlamydophila group; Chlamydia
NC_013501.1, Bacteria; Bacteroidetes; Bacteroidetes Order II. Incertae sedis; Rhodothermaceae; Rhodothermus
NC_008752.1, Bacteria; Proteobacteria; Betaproteobacteria; Burkholderiales; Comamonadaceae; Acidovorax
CP004005, Bacteria; Proteobacteria; Alphaproteobacteria; Rhizobiales; Rhizobiaceae; Liberibacter
NZ_LN831027.1, Bacteria; Fusobacteria; Fusobacteriales; Fusobacteriaceae; Fusobacterium
NZ_MDHN01000001.1, Bacteria; Proteobacteria; Gammaproteobacteria; Alteromonadales; Alteromonadaceae; Alteromonas
NZ_KB890221.1, Bacteria; Proteobacteria; Alphaproteobacteria; Rhizobiales; Rhizobiaceae; Rhizobium/Agrobacterium group; Rhizobium
NZ_AWTB01000001.1, Bacteria; Actinobacteria; Corynebacteriales; Gordoniaceae; Gordonia
NZ_JXYE01000002, Bacteria; Proteobacteria; Alphaproteobacteria; Rhodobacterales; Rhodobacteraceae; Loktanella
NZ_CP014955.1, Bacteria; Actinobacteria; Corynebacteriales; Mycobacteriaceae; Mycobacteroides
QOUU01000001, Bacteria; Firmicutes; Bacilli; Lactobacillales; Lactobacillaceae; Lactobacillus
NZ_CP045769.1, Bacteria; Proteobacteria; Gammaproteobacteria; Enterobacterales; Enterobacteriaceae; Enterobacter; Enterobacter cloacae complex
CP025034, Bacteria; Proteobacteria; Gammaproteobacteria; Enterobacterales; Enterobacteriaceae; Lelliottia
NC_004310.3, Bacteria; Proteobacteria; Alphaproteobacteria; Rhizobiales; Brucellaceae; Brucella
FP236843, Bacteria; Proteobacteria; Gammaproteobacteria; Enterobacterales; Erwiniaceae; Erwinia
NZ_CP023484, Bacteria; Proteobacteria; Gammaproteobacteria; Enterobacterales; Pectobacteriaceae; Dickeya; unclassified Dickeya
NZ_KN046823, Bacteria; Proteobacteria; Alphaproteobacteria; Rhizobiales; Brucellaceae; Brucella
NZ_CP013922.1, Bacteria; Firmicutes; Bacilli; Bacillales; Staphylococcaceae; Staphylococcus
NZ_LT629758, Bacteria; Actinobacteria; Micromonosporales; Micromonosporaceae; Actinoplanes
NZ_CP015286.1, Bacteria; Firmicutes; Bacilli; Bacillales; Paenibacillaceae; Paenibacillus
NZ_PKKP01000001.1, Bacteria; Actinobacteria; Actinomycetales; Actinomycetaceae; Actinomyces
NZ_MUYO01000001.1, Bacteria; Firmicutes; Bacilli; Lactobacillales; Streptococcaceae; Streptococcus
NZ_HF571038.1, Bacteria; Actinobacteria; Micrococcales; Intrasporangiaceae; Tetrasphaera
CP034433, Bacteria; Proteobacteria; Betaproteobacteria; Neisseriales; Chromobacteriaceae; Iodobacter
NZ_CP035780.1, Bacteria; Proteobacteria; Gammaproteobacteria; Vibrionales; Vibrionaceae; Photobacterium
CP013913, Bacteria; Proteobacteria; Gammaproteobacteria; Enterobacterales; Yersiniaceae; Serratia
NZ_SPGG01000010.1, Bacteria; Bacteroidetes; Bacteroidia; Bacteroidales; Tannerellaceae; Parabacteroides
NZ_CP011028.1, Bacteria; Proteobacteria; Gammaproteobacteria; Alteromonadales; Pseudoalteromonadaceae; Pseudoalteromonas
NZ_UGQI01000002.1, Bacteria; Actinobacteria; Corynebacteriales; Mycobacteriaceae; Mycolicibacterium
NZ_AP022561.1, Bacteria; Actinobacteria; Corynebacteriales; Mycobacteriaceae; Mycolicibacterium
NZ_VISK01000013.1, Bacteria; Proteobacteria; Alphaproteobacteria; Rhodospirillales; Rhodospirillaceae; Azospirillum
NZ_ADEZ01000001.1, Bacteria; Proteobacteria; Alphaproteobacteria; Rhizobiales; Brucellaceae; Brucella
NC_016111.1, Bacteria; Actinobacteria; Streptomycetales; Streptomycetaceae; Streptomyces
NZ_CP014474.1, Bacteria; Proteobacteria; Gammaproteobacteria; Enterobacterales; Yersiniaceae; Serratia
NZ_KV917376, Bacteria; Firmicutes; Bacilli; Bacillales; Sporolactobacillaceae; Sporolactobacillaceae incertae sedis
NZ_BJNB00000000.1, Bacteria; Actinobacteria; Corynebacteriales; Corynebacteriaceae; Corynebacterium
NZ_LHAD01000001.1, Bacteria; Firmicutes; Bacilli; Lactobacillales; Streptococcaceae; Streptococcus
NZ_CP047242.1, Bacteria; Cyanobacteria; Nostocales; Nostocaceae; Trichormus
CP024902, Bacteria; Proteobacteria; Betaproteobacteria; Burkholderiales; Burkholderiaceae; Burkholderia; Burkholderia cepacia complex
NZ_LT629739, Bacteria; Actinobacteria; Micrococcales; Brevibacteriaceae; Brevibacterium
CP002293, Bacteria; Firmicutes; Bacilli; Bacillales; Bacillaceae; Geobacillus; unclassified Geobacillus
NZ_SJSX01000001.1, Bacteria; Proteobacteria; Gammaproteobacteria; Vibrionales; Vibrionaceae; Aliivibrio
CP013614, Bacteria; Firmicutes; Bacilli; Lactobacillales; Enterococcaceae; Enterococcus
NZ_WCFV01000001.1, Bacteria; Firmicutes; Bacilli; Lactobacillales; Lactobacillaceae; Lactobacillus
NZ_CP021140.1, Bacteria; Actinobacteria; Coriobacteriia; Eggerthellales; Eggerthellaceae; Eggerthella
NZ_BEWM01000001.1, Bacteria; Proteobacteria; Alphaproteobacteria; Rhodospirillales; Acetobacteraceae; Gluconobacter
NZ_FNKM01000002.1, Bacteria; Proteobacteria; Gammaproteobacteria; Pseudomonadales; Pseudomonadaceae; Pseudomonas
NZ_CP023691.1, Bacteria; Actinobacteria; Streptomycetales; Streptomycetaceae; Streptomyces
NC_008095.1, Bacteria; Proteobacteria; Deltaproteobacteria; Myxococcales; Cystobacterineae; Myxococcaceae; Myxococcus
NC_017045.1, Bacteria; Bacteroidetes; Flavobacteriia; Flavobacteriales; Weeksellaceae; Riemerella
NZ_AEZA01000001.1, Bacteria; Proteobacteria; Gammaproteobacteria; Vibrionales; Vibrionaceae; Vibrio
NZ_CP018809.1, Bacteria; Firmicutes; Bacilli; Lactobacillales; Lactobacillaceae; Lactobacillus
CP019236, Bacteria; Proteobacteria; Betaproteobacteria; Burkholderiales; Comamonadaceae; Rhodoferax
NZ_LR134352.1, Bacteria; Actinobacteria; Corynebacteriales; Nocardiaceae; Nocardia
NZ_UFTQ01000001, Bacteria; Actinobacteria; Micrococcales; Brevibacteriaceae; Brevibacterium
NC_011852.1, Bacteria; Proteobacteria; Gammaproteobacteria; Pasteurellales; Pasteurellaceae; Glaesserella
NZ_CH724157.1, Bacteria; Proteobacteria; Alphaproteobacteria; Rhodobacterales; Rhodobacteraceae; Roseovarius
NZ_VDDD01000101.1, Bacteria; Proteobacteria; Alphaproteobacteria; Rhodobacterales; Rhodobacteraceae; Paracoccus
NZ_CP032757.1, Bacteria; Firmicutes; Bacilli; Lactobacillales; Lactobacillaceae; Lactiplantibacillus
NZ_CP007601.1, Bacteria; Firmicutes; Bacilli; Bacillales; Staphylococcaceae; Staphylococcus
NZ_AP012555.1, Bacteria; Actinobacteria; Corynebacteriales; Mycobacteriaceae; Mycobacterium; Mycobacterium avium complex (MAC)
NZ_CP007203.1, Bacteria; Cyanobacteria; Nostocales; Aphanizomenonaceae; Nodularia
NZ_LFTY01000002, Bacteria; Proteobacteria; Alphaproteobacteria; Rhodobacterales; Rhodobacteraceae; Rhodobacter
NZ_CP027738.1, Bacteria; Proteobacteria; Gammaproteobacteria; Pseudomonadales; Pseudomonadaceae; Pseudomonas
NC_010103.1, Bacteria; Proteobacteria; Alphaproteobacteria; Rhizobiales; Brucellaceae; Brucella
NZ_UFTQ01000003.1, Bacteria; Actinobacteria; Micrococcales; Brevibacteriaceae; Brevibacterium
NZ_CP013187.1, Bacteria; Proteobacteria; Gammaproteobacteria; Alteromonadales; Pseudoalteromonadaceae; Pseudoalteromonas
NZ_JACAWZ010000001.1, Bacteria; Proteobacteria; Betaproteobacteria; Burkholderiales; Burkholderiaceae; Ralstonia
NZ_MDFG01000001.1, Bacteria; Actinobacteria; Streptomycetales; Streptomycetaceae; Streptomyces
NVUT01000001, Bacteria; Bacteroidetes; Flavobacteriia; Flavobacteriales; Flavobacteriaceae; Flavobacterium
NZ_CP046672.1, Bacteria; Proteobacteria; Gammaproteobacteria; Enterobacterales; Enterobacteriaceae; Raoultella
NZ_CP050266.1, Bacteria; Proteobacteria; Gammaproteobacteria; Vibrionales; Vibrionaceae; Salinivibrio
NZ_PETF01000001, Bacteria; Tenericutes; Mollicutes; Entomoplasmatales; Spiroplasmataceae; Spiroplasma
NZ_CP046058.1, Bacteria; Cyanobacteria; Oscillatoriophycideae; Chroococcales; Microcystaceae; Microcystis
NZ_CP020567.1, Bacteria; Actinobacteria; Streptomycetales; Streptomycetaceae; Kitasatospora
NZ_CP024902.1, Bacteria; Proteobacteria; Betaproteobacteria; Burkholderiales; Burkholderiaceae; Burkholderia; Burkholderia cepacia complex
NZ_KV917375.1, Bacteria; Firmicutes; Bacilli; Bacillales; Bacillaceae; Bacillus
NZ_NCUP01000009.1, Bacteria; Firmicutes; Bacilli; Lactobacillales; Streptococcaceae; Streptococcus
NZ_CP041695.1, Bacteria; Actinobacteria; Corynebacteriales; Nocardiaceae; Nocardia
CP020451, Bacteria; Firmicutes; Bacilli; Lactobacillales; Streptococcaceae; Streptococcus
NZ_CP031422.1, Bacteria; Actinobacteria; Micrococcales; Microbacteriaceae; Microbacterium
NZ_CP010899.1, Bacteria; Tenericutes; Mollicutes; Entomoplasmatales; Spiroplasmataceae; Spiroplasma
NZ_JMSZ01000016, Bacteria; Proteobacteria; Gammaproteobacteria; Oceanospirillales; Oceanospirillaceae; Nitrincola
NZ_CP013990.1, Bacteria; Proteobacteria; Gammaproteobacteria; Enterobacterales; Enterobacteriaceae; Leclercia
CP003563, Bacteria; Proteobacteria; Alphaproteobacteria; Rhizobiales; Rhizobiaceae; Sinorhizobium/Ensifer group; Sinorhizobium
SDYW01000001, Bacteria
NZ_CP009460.1, Bacteria; Proteobacteria; Gammaproteobacteria; Enterobacterales; Pectobacteriaceae; Dickeya
NZ_MTKC01000002.1, Bacteria; Actinobacteria; Streptomycetales; Streptomycetaceae; Streptomyces
CP004046, Bacteria; Actinobacteria; Corynebacteriales; Corynebacteriaceae; Corynebacterium
NZ_FODB01000122.1, Bacteria; Proteobacteria; Gammaproteobacteria; Oceanospirillales; Halomonadaceae; Halomonas
NC_012470.1, Bacteria; Firmicutes; Bacilli; Lactobacillales; Streptococcaceae; Streptococcus
CP003488, Bacteria; Proteobacteria; Gammaproteobacteria; Enterobacterales; Morganellaceae; Providencia
NC_006510.1, Bacteria; Firmicutes; Bacilli; Bacillales; Bacillaceae; Geobacillus; Geobacillus thermoleovorans group
NZ_CM002803, Bacteria; Cyanobacteria; Oscillatoriophycideae; Oscillatoriales; Microcoleaceae; Planktothrix
PEKX01000007, Bacteria; Proteobacteria; Gammaproteobacteria; Pseudomonadales; Pseudomonadaceae; Pseudomonas
NC_015276.1, Bacteria; Proteobacteria; Gammaproteobacteria; Oceanospirillales; Oceanospirillaceae; Marinomonas
NZ_ALPT02000001, Bacteria; Firmicutes; Bacilli; Bacillales; Bacillaceae; Alkalihalobacillus
NZ_CP014135.1, Bacteria; Proteobacteria; Gammaproteobacteria; Pseudomonadales; Pseudomonadaceae; Pseudomonas
NZ_CP011491.1, Bacteria; Actinobacteria; Corynebacteriales; Mycobacteriaceae; Mycolicibacterium
NZ_ATTH01000001, Bacteria; Bacteroidetes; Bacteroidetes Order II. Incertae sedis; Rhodothermaceae; Salisaeta
NZ_ORZE01000263.1, Bacteria; Proteobacteria; Gammaproteobacteria; Xanthomonadales; Xanthomonadaceae; Xanthomonas
NZ_LDUS01000001.1, Bacteria; Firmicutes; Bacilli; Bacillales; Bacillaceae; Bacillus
NZ_CP006850.1, Bacteria; Actinobacteria; Corynebacteriales; Nocardiaceae; Nocardia
NZ_KB849641.1, Bacteria; Proteobacteria; Gammaproteobacteria; Pseudomonadales; Moraxellaceae; Acinetobacter
NZ_CP023464.1, Bacteria; Proteobacteria; Gammaproteobacteria; Alteromonadales; Pseudoalteromonadaceae; Pseudoalteromonas
NC_022737.1, Bacteria; Firmicutes; Bacilli; Bacillales; Staphylococcaceae; Staphylococcus
CP001751, Bacteria; Proteobacteria; Alphaproteobacteria; SAR116 cluster; Candidatus Puniceispirillum
NZ_JYNI01000003, Bacteria; Proteobacteria; Gammaproteobacteria; Alteromonadales; Colwelliaceae; Thalassomonas
CP029897, Bacteria; Proteobacteria; Gammaproteobacteria; Enterobacterales; Enterobacteriaceae; Salmonella
NZ_LR215047.1, Bacteria; Tenericutes; Mollicutes; Mycoplasmataceae; Mycoplasma
NZ_MRCG01000001.1, Bacteria; Cyanobacteria; Oscillatoriophycideae; Oscillatoriales; Oscillatoriaceae; Phormidium
NC_010694.1, Bacteria; Proteobacteria; Gammaproteobacteria; Enterobacterales; Erwiniaceae; Erwinia
NZ_ABJL02000008.1, Bacteria; Bacteroidetes; Bacteroidia; Bacteroidales; Bacteroidaceae; Bacteroides
NZ_CP018725.1, Bacteria; Proteobacteria; Gammaproteobacteria; Xanthomonadales; Xanthomonadaceae; Xanthomonas
NC_017731.1, Bacteria; Proteobacteria; Gammaproteobacteria; Enterobacterales; Morganellaceae; Providencia
NC_014159.1, Bacteria; Actinobacteria; Corynebacteriales; Tsukamurellaceae; Tsukamurella
NZ_JYCD01000001.1, Bacteria; Firmicutes; Bacilli; Bacillales; Bacillaceae; Aeribacillus
NZ_CP011663.1, Bacteria; Firmicutes; Clostridia; Clostridiales; Clostridiaceae; Clostridium
NC_014925.1, Bacteria; Firmicutes; Bacilli; Bacillales; Staphylococcaceae; Staphylococcus
NC_009785.1, Bacteria; Firmicutes; Bacilli; Lactobacillales; Streptococcaceae; Streptococcus
CP017605, Bacteria; Proteobacteria; Gammaproteobacteria; Enterobacterales; Enterobacteriaceae; aphid secondary symbionts; Candidatus Hamiltonella
NC_010002.1, Bacteria; Proteobacteria; Betaproteobacteria; Burkholderiales; Comamonadaceae; Delftia
NZ_CM000719.1, Bacteria; Firmicutes; Bacilli; Bacillales; Bacillaceae; Bacillus; Bacillus cereus group
NZ_LN854557.1, Bacteria; Proteobacteria; Gammaproteobacteria; Enterobacterales; Pectobacteriaceae; Sodalis
NZ_LR134089.1, Bacteria; Firmicutes; Bacilli; Bacillales; Staphylococcaceae; Staphylococcus
NZ_FLYG01000003, Bacteria; Firmicutes; Bacilli; Lactobacillales; Lactobacillaceae; Lactiplantibacillus
NZ_KK211277.1, Bacteria; Firmicutes; Bacilli; Bacillales; Bacillaceae; Alkalihalobacillus
NZ_CP020822.1, Bacteria; Bacteroidetes; Flavobacteriia; Flavobacteriales; Flavobacteriaceae; Tenacibaculum
NZ_CP046618.1, Bacteria; Proteobacteria; Gammaproteobacteria; Enterobacterales; Enterobacteriaceae; Enterobacter; Enterobacter cloacae complex
CP003184, Bacteria; Firmicutes; Clostridia; Thermoanaerobacterales; Thermoanaerobacterales Family III. Incertae Sedis; Thermoanaerobacterium
NC_015601.1, Bacteria; Firmicutes; Erysipelotrichia; Erysipelotrichales; Erysipelotrichaceae; Erysipelothrix
NZ_JNYC01000004, Bacteria; Actinobacteria; Streptomycetales; Streptomycetaceae; Streptomyces
NZ_CP014170.1, Bacteria; Firmicutes; Clostridia; Clostridiales; Clostridiaceae; Clostridium
NZ_LR594046.1, Bacteria; Firmicutes; Bacilli; Lactobacillales; Streptococcaceae; Streptococcus
NZ_CP033334.1, Bacteria; Proteobacteria; Alphaproteobacteria; Rhizobiales; Phyllobacteriaceae; Mesorhizobium
NZ_BJMO01000001.1, Bacteria; Actinobacteria; Micrococcales; Micrococcaceae; Sinomonas
NC_002771.1, Bacteria; Tenericutes; Mollicutes; Mycoplasmataceae; Mycoplasma
NZ_CP027114.1, Bacteria; Actinobacteria; Corynebacteriales; Gordoniaceae; Gordonia
CP001713, Bacteria; Chlamydiae; Chlamydiales; Chlamydiaceae; Chlamydia/Chlamydophila group; Chlamydia
NZ_NKWY01000001.1, Bacteria; Proteobacteria; Gammaproteobacteria; Aeromonadales; Aeromonadaceae; Aeromonas
NZ_BBQG01000095.1, Bacteria; Actinobacteria; Streptomycetales; Streptomycetaceae; Streptomyces
NZ_CP032675.1, Bacteria; Actinobacteria; Corynebacteriales; Nocardiaceae; Rhodococcus
MH400164, Bacteria; Actinobacteria; Streptomycetales; Streptomycetaceae; Streptomyces
NZ_SAUP01000001, Bacteria; Proteobacteria; Gammaproteobacteria; Pseudomonadales; Pseudomonadaceae; Pseudomonas
NZ_CP013911.1, Bacteria; Firmicutes; Bacilli; Bacillales; Staphylococcaceae; Staphylococcus
NZ_RCTK01000001.1, Bacteria; Firmicutes; Bacilli; Bacillales; Bacillaceae; Geobacillus
